Youtuber,subscribers
T-Series,245000000
YouTube Movies,170000000
MrBeast,166000000
Cocomelon - Nursery Rhymes,162000000
SET India,159000000
Music,119000000
��� Kids Diana Show,112000000
PewDiePie,111000000
Like Nastya,106000000
Vlad and Niki,98900000
Zee Music Company,96700000
WWE,96000000
Gaming,93600000
BLACKPINK,89800000
Goldmines,86900000
Sony SAB,83000000
5-Minute Crafts,80100000
BANGTANTV,75600000
Sports,75000000
Justin Bieber,71600000
HYBE LABELS,71300000
Zee TV,70500000
Pinkfong Baby Shark - Kids' Songs & Stories,68200000
Canal KondZilla,66500000
ChuChu TV Nursery Rhymes & Kids Songs,65900000
Shemaroo Filmi Gaane,65600000
Colors TV,64600000
T-Series Bhakti Sagar,61000000
Dude Perfect,59500000
Movieclips,59500000
Tips Official,59300000
El Reino Infantil,58400000
Wave Music,58000000
Aaj Tak,57600000
Sony Music India,57200000
EminemMusic,56900000
Marshmello,56400000
YRF,54600000
LooLoo Kids - Nursery Rhymes and Children's Songs,54000000
Ed Sheeran,53500000
Infobells - Hindi,53300000
Taylor Swift,52900000
Ariana Grande,52700000
BillionSurpriseToys  - Nursery Rhymes & Cartoons,52200000
JuegaGerman,48100000
Billie Eilish,47900000
Get Movies,47500000
Shemaroo,47400000
Badabun,46800000
SonyMusicIndiaVEVO,46600000
A4,46300000
Bad Bunny,46100000
Fernanfloo,46100000
Voot Kids,45500000
Felipe Neto,45200000
Voc���,44700000
HAR PAL GEO,44600000
BRIGHT SIDE,44500000
Katy Perry,44200000
whinderssonnunes,44200000
ABS-CBN Entertainment,44200000
Alan Walker,43700000
HolaSoyGerman.,43600000
Shakira,43500000
�������� �� ��������������,43200000
ARY Digital HD,43200000
Speed Records,42500000
Masha and The Bear,42400000
Like Nastya Show,42400000
Rihanna,41900000
Ishtar Music,41400000
Kimberly Loaiza,41300000
Little Baby Bum - Nursery Rhymes & Kids Songs,40900000
Luisito Comunica,40600000
elrubiusOMG,40400000
Toys and Colors,40300000
shfa2 - ��,39700000
LUCCAS NETO - LUCCAS TOON,39400000
CarryMinati,39200000
XXXTENTACION,39200000
Super Simple Songs - Kids Songs,39200000
Mikecrack,39100000
WorkpointOfficial,39000000
GR6 EXPLODE,38900000
TEDx Talks,38600000
shfa,38400000
Goldmines Gaane Sune Ansune,38300000
One Direction,38200000
TheEllenShow,38200000
Sony PAL,38200000
Daddy Yankee,38000000
Vlad v���,37900000
Like Nastya ESP,37600000
������������ one31,37500000
Jkk Entertainment,37200000
ABP NEWS,37000000
Maria Clara & JP,37000000
Bruno Mars,36700000
Maroon 5,36600000
Ultra Bollywood,36600000
PowerKids TV,36500000
YouTube,36300000
News,36300000
Ozuna,36200000
MrBeast Gaming,36100000
La Granja de Zen�,35700000
Saregama Music,35500000
IndiaTV,35500000
T-Series Bollywood Classics,35400000
Total Gaming,35400000
Markiplier,35200000
Ryan's World,35200000
Genevieve's Playhouse - Learning Videos for Kids,34900000
T-Series Apna Punjab,34600000
Techno Gamerz,34400000
Geet MP3,34300000
J Balvin,34100000
Jess No Limit,34000000
Jingle Toons,34000000
VEGETTA777,33800000
Galinha Pintadinha,33800000
SSSniperWolf,33700000
Desi Music Factory,33700000
Selena Gomez,33600000
Rajshri,33500000
Ch3Thailand,33500000
KHANDESHI MOVIES,33500000
NoCopyrightSounds,33400000
CVS 3D Rhymes & Kids Songs,33400000
Ricis Official,33300000
BabyBus - Kids Songs and Cartoons,32800000
Eros Now Music,32700000
BETER B��,32700000
DisneyMusicVEVO,32700000
The Weeknd,32600000
WowKidz,32200000
KAROL G,32100000
Mr Bean,32100000
rezendeevil,32100000
StarPlus,32000000
SMTOWN,31900000
GMA  Network,31900000
GENIAL,31800000
MR. INDIAN HACKER,31700000
Worldwide Records Bhojpuri,31700000
DONA ��,31700000
Dream,31700000
Lucas and Marcus,31600000
JustinBieberVEVO,31600000
Luis Fonsi,31400000
Peppa Pig - Official Channel,31400000
YOLO AVENTURAS,31200000
The Tonight Show Starring Jimmy Fallon,31200000
TheDonato,31200000
ImagineDragons,30700000
Diana and Roma ESP,30700000
Round2hell,30700000
Zee News,30500000
AboFlah,30500000
AH,30400000
Trap Nation,30400000
��������������� ������ ������������������,30400000
Boram Tube Vlog [���������,30300000
Adele,30200000
Talking Tom,30200000
�������� �������� ���������� | toyoraljanahtv,30200000
Frost Diamond,30100000
Spinnin' Records,30100000
Little Angel: Nursery Rhymes & Kids Songs,30100000
jacksepticeye,30100000
Shawn Mendes,30000000
ashish chanchlani vines,29800000
Ultra Records,29600000
Popular on YouTube,29300000
Maluma,29300000
Zhong,29200000
Enaldinho,29200000
AuronPlay,29200000
Shorts Break,29000000
infobells - Tamil,28900000
Aditya Music India,28500000
The Late Late Show with James Corden,28400000
Aditya Movies,28400000
Masha y el Oso,28300000
infobells - Telugu,28300000
HUM TV,28300000
Shemaroo Movies,28200000
Michael Jackson,28200000
Drake,28100000
Goldmines Dishoom,28000000
Sandeep Maheshwari,27800000
Bounce Patrol - Kids Songs,27800000
toycantando,27700000
MrBeast 2,27500000
Wiz Khalifa,27500000
JYP Entertainment,27400000
��� Kids Roma Show,27400000
DanTDM,27400000
Nick Jr.,27300000
Crazy XYZ,27300000
ToyPuddingTV,27100000
Dushyant kukreja,27100000
Gulshan Kalra,27100000
Brent Rivera,27000000
Renato Garcia YT,26900000
Beast Reacts,26700000
enchufetv,26700000
Netflix,26700000
Raffy Tulfo in Action,26500000
WORLDSTARHIPHOP,26500000
Goldmines Bollywood,26400000
Alan Chikin Chow,26400000
PANDA BOI,26400000
BB Ki Vines,26300000
D Billions,26200000
Junya.����,26200000
Smosh,26100000
1MILLION Dance Studio,26100000
NichLmao,26000000
Beyonc�,26000000
Mar�����,26000000
Indosiar,25900000
VanossGaming,25800000
David Guetta,25700000
LosPolinesios,25700000
Nicki Minaj,25700000
Fede Vigevani,25600000
TaylorSwiftVEVO,25600000
ZHC,25500000
Post Malone,25500000
Rans Entertainment,25400000
LankyBox,25400000
Coldplay,25300000
Las Ratitas,25200000
WB Kids,25200000
ABPLIVE,25200000
Chris Brown,25200000
The Lallantop,25200000
RihannaVEVO,25100000
WatchMojo.com,25100000
TRANS7 OFFICIAL,25000000
Anuel AA,25000000
Dan Rhodes,24800000
Yuya,24800000
America's Got Talent,24800000
mujjuu___14,24800000
EminemVEVO,24700000
Chloe Ting,24700000
KatyPerryVEVO,24600000
Mark Rober,24600000
1theK (�����,24500000
Like Nastya AE,24400000
Amit Bhadana,24300000
Pen Movies,24300000
MrBeast en Espa��,24200000
shfa show India,24200000
Super JoJo - Nursery Rhymes & Kids Songs,24100000
Alejo Igoa,24100000
Daniel LaBelle,24100000
netd m��,24100000
DJ Snake,24100000
Diana and Roma ARA,24100000
KSI,24100000
Spider Slack,24000000
Goldmines Movies,24000000
Preston,24000000
James Charles,23900000
Collins Key,23900000
Diana and Roma EN,23900000
Venus Entertainment,23800000
Troom Troom,23800000
Enrique Iglesias,23800000
Ninja,23700000
FaZe Rug,23700000
Mister Max,23700000
That Little Puff,23700000
NickyJamTV,23600000
Juan De Dios Pantoja,23600000
Logan Paul,23600000
Maya and Mary,23600000
Peppa Pig Espa���������,23600000
Jelly,23500000
Miss Katy,23500000
Tilak,23400000
Valentina Pontes ofc,23400000
Sesame Street,23300000
Happy Lives,23200000
Lady Gaga,23200000
Akshay Nagwadiya,23200000
Wave Music Bhojpuri,23100000
GMM GRAMMY OFFICIAL,23100000
TED,23100000
unknown boy varun,23100000
Kids TV - Nursery Rhymes And Baby Songs,23100000
Tsuriki Show,23000000
Technical Guruji,23000000
DrossRotzank,23000000
White Hill Music,23000000
Ultra Movie Parlour,22900000
Alan Becker,22900000
toyorbabytv,22900000
BabyBus - Canciones Infantiles & Videos para Ni��,22900000
KL BRO Biju Rithvik,22800000
Vania Mania Kids,22700000
Like Nastya PRT,22700000
Sun TV,22600000
Heroindori,22600000
The Chainsmokers,22600000
mmoshaya,22600000
Sia,22600000
LeoNata Family,22600000
Goldmines Cineplex,22500000
Vlad and Niki Arabic,22500000
SSundee,22500000
Paulo Londra,22400000
Smile Family,22300000
FGTeeV,22300000
Kinder Spielzeug Kanal (Kidibli),22200000
Charlie Puth,22000000
Vlad and Niki ESP,22000000
Sagawa /���,22000000
Ben Azelart,21900000
Zach Choi ASMR,21900000
Topper Guild,21900000
Disney Latinoam��,21900000
Stokes Twins,21800000
National Geographic,21800000
Dua Lipa,21800000
OneDirectionVEVO,21800000
Rotana,21800000
Netflix India,21800000
Sourav Joshi Vlogs,21700000
ZAMZAM ELECTRONICS TRADING,21700000
DUDU e CAROL,21600000
Village Cooking Channel,21600000
Eva Bravo Play,21600000
Tekashi 6ix9ine,21500000
Tlnovelas,21500000
SMOL,21500000
invictor,21500000
YOLO,21400000
Sidhu Moose Wala,21400000
The Royalty Family,21300000
Becky G,21300000
Ishaan Ali 11,21300000
Infinite,21300000
Azhan5star,21300000
Dangal TV Channel,21300000
Khan GS Research Centre,21200000
GMA Public  Affairs,21200000
Tasty,21100000
Baim Paula,21100000
nigahiga,21000000
Rafa & Luiz,21000000
Lyrical Lemonade,21000000
Vlad and Niki IDN,21000000
Dr. Vivek Bindra: Motivational Speaker,20900000
Fatos Desconhecidos,20900000
Brave Wilderness,20900000
LIV Crime,20900000
Minecraft - Topic,20900000
Romeo Santos,20900000
Canal Canalha,20800000
Kurzgesagt ������,20800000
Yoeslan,20700000
5-Minute Crafts DIY,20700000
Zach King,20700000
tuzelity SHUFFLE,20700000
NBA,20700000
Deddy Corbuzier,20600000
Bizarrap,20600000
Avicii,20600000
Mnet K-POP,20500000
LazarBeam,20500000
Ninja Kidz TV,20500000
Totoy kids - Portugu�,20400000
Jake Paul,20400000
Linkin Park,20400000
Vijay Television,20400000
SlivkiShow,20400000
Emiway Bantai,20400000
Got Talent Global,20300000
��������������� - Genevieve's Playhouse,20300000
BabyBus - Cerita & Lagu Anak-anak,20300000
Ami Rodriguez,20200000
Noor Stars,20200000
Family GamesTV,20200000
Kiddiestv Hindi - Nursery Rhymes & Kids Songs,20200000
dednahype,20200000
Marta and Rustam,20200000
MiawAug,20200000
CookieSwirlC,20100000
Skrillex,20100000
AuthenticGames,20100000
Robin Hood Gamer,20100000
Pencilmation,20100000
7clouds,20100000
5-Minute Crafts PLAY,20100000
Marvel Entertainment,20100000
BuzzFeedVideo,20100000
REACT,20000000
Vevo,20000000
Gordon Ramsay,20000000
Pentatonix,20000000
Green Gold TV - Official Channel,20000000
Gusttavo Lima Oficial,19900000
HaerteTest,19800000
Crafty Panda,19800000
SOMOY TV,19800000
JennaMarbles,19700000
Troom Troom Es,19700000
Official Pink Panther,19700000
Britain's Got Talent,19700000
SCTV,19700000
AS Gaming,19600000
Sony AATH,19600000
tabii Urdu,19600000
DaFuq!?Boom!,19600000
Clash of Clans,19600000
RKD Studios,19500000
DLS News,19400000
JukiLop,19400000
etvteluguindia,19400000
FIFA,19400000
Manoj  parihar,19300000
Vsauce,19300000
Unbox Therapy,19300000
shane,19200000
Sonotek,19200000
Jimmy Kimmel Live,19100000
TheOdd1sOut,19100000
Goldmines Great Indian Comedy,19100000
Lil Nas X,19100000
�������������� ����,19000000
SUPER SLICK SLIME SAM,19000000
Wow Kidz Action,19000000
Turma da M��,19000000
Calvin Harris,19000000
KBS WORLD TV,19000000
HiMan,18900000
Masha e o Urso,18900000
Little Angel Espa���������,18900000
TED-Ed,18800000
Sidemen,18800000
Cardi B,18800000
Busy Fun Ltd,18800000
Farruko,18800000
����������������������,18800000
Triggered Insaan,18800000
CKN,18700000
Ali-A,18700000
Shemaroo Comedy,18600000
Smile Family Spanish,18600000
GRAMMY GOLD OFFICIAL,18600000
�������� ���������� ���������� | Arab Games Network,18600000
Dan-Sa / Daniel Saboya,18500000
Marmok,18500000
The ACE Family,18500000
Like Nastya Vlog,18500000
Willie Salim,18500000
PDK Films,18400000
TheWillyrex,18400000
RsiamMusic : ��������,18400000
Dhar Mann,18400000
shakiraVEVO,18400000
Naisa Alifia Yuriza (N.A.Y),18300000
Miley Cyrus,18300000
IShowSpeed,18300000
Good Mythical Morning,18300000
Bobby chourasiya,18200000
INCR��,18200000
Jake Fellman,18100000
GEN HALILINTAR,18100000
SQUEEZIE,18100000
Blippi - Educational Videos for Kids,18100000
officialpsy,18100000
Ajay Sharma,18100000
Manual do Mundo,18000000
How Ridiculous,18000000
And TV,18000000
Sebasti���,18000000
SonyMusicSouthVEVO,18000000
TheGrefg,18000000
BeatboxJCOP,18000000
David Dobrik,17900000
KatieAngel,17900000
RobleisIUTU,17900000
Lele Pons,17900000
Demi Lovato,17900000
Like Nastya VNM,17900000
Jason Derulo,17900000
MGC Playhouse,17900000
Zuni and Family,17900000
Priyal Kukreja,17800000
MSA previously My Story Animated,17800000
��������� KIMPRO,17700000
Jane ASMR ��,17700000
ArianaGrandeVevo,17700000
jaanvi patel,17700000
tanboy kun,17700000
Lil Pump,17700000
Porta dos Fundos,17700000
News 24,17700000
Les' Copaque Production,17700000
El Payaso Plim Plim,17700000
zbing z.,17600000
MissaSinfonia,17600000
��������� Liziqi,17600000
The Game Theorists,17600000
DeGoBooM,17600000
JFlaMusic,17600000
FactTechz,17500000
News18 India,17500000
Fun For Kids TV - Hindi Rhymes,17500000
IGN,17500000
Aphmau,17400000
AMARINTV : ������������,17400000
���������������� - Al-Remas,17400000
Koray Zeynep,17400000
Apple,17300000
Stubborn Facts,17300000
Taarak Mehta Ka Ooltah Chashmah,17300000
HowToBasic,17300000
PopularMMOs,17200000
Marques Brownlee,17200000
Anitta,17200000
Jason Vlogs,17200000
El Reino a Jugar,17200000
Willyrex,17200000
TheBrianMaps,17100000
TRANS TV Official,17100000
Liza Koshy,17100000
Queen Official,17000000
Prajapati News,17000000
Gaby and Alex,17000000
LuisFonsiVEVO,17000000
Pop Chartbusters,16900000
Guava Juice,16900000
EeOneGuy,16900000
VICE,16900000
Aayu and Pihu Show,16900000
Danny Fitt,16900000
Bispo Bruno Leonardo,16900000
DeToxoMoroxo,16800000
Doggy Doggy Cartoons,16800000
deepesh zo,16800000
Like Nastya IDN,16800000
Gato Galactico | GAL��,16800000
Salman Noman,16700000
CoryxKenshin,16700000
With Kids[�����,16700000
Travis Scott,16700000
Tu COSMOPOLIS,16700000
Ivana Alawi,16600000
Werever2morro,16600000
IDEAS EN 5 MINUTOS,16600000
NMF News,16600000
SriBalajiMovies,16600000
Lahari Music - TSeries,16600000
Younes Zarou,16600000
Jordan Matter,16600000
�������� ����������������������,16500000
FailArmy,16500000
BBC News Hindi,16500000
FunFun Toy Doll TV,16500000
Sandra Cires Art,16400000
Kaykai Salaider,16400000
UFC - Ultimate Fighting Championship,16400000
Ch7HD,16400000
RCTI - LAYAR DRAMA INDONESIA,16400000
Alfredo Larin,16400000
GMMTV OFFICIAL��,16400000
Matt Stonie,16300000
Boyce Avenue,16300000
Camila Cabello,16300000
Little Mix,16300000
SAM SMITH,16300000
Pitbull,16300000
Bollywood Classics,16300000
Technoblade,16300000
W2S,16300000
Jennifer Lopez,16200000
Kids Play,16200000
T3ddy,16200000
JJ Olatunji,16200000
POPS Kids,16200000
Thairath Online,16200000
LEGO,16200000
XO TEAM,16200000
AdMe,16200000
ExtraPolinesios,16200000
Dyland PROS,16100000
Live,16100000
Vlad and Niki ARA,16100000
Canal IN,16100000
TWICE,16100000
Daily Dose Of Internet,16100000
FitDance,16100000
Panda Shorts,16100000
Disney Junior,16100000
La Rosa de Guadalupe,16100000
sagar kalra (Shorts),16000000
wifistudy,16000000
Antrax,16000000
Enes Batur,16000000
Totoy kids - Espa��,16000000
����������,15900000
DopeLyrics,15900000
jeffreestar,15900000
Lyna,15900000
MK MUSIC,15900000
Unspeakable,15900000
Camilo,15900000
Dear Sir,15800000
Narendra Modi,15800000
Arif muhammad,15800000
Rotten Tomatoes Trailers,15800000
Volga Video,15700000
DM - Desi Melodies,15700000
MY FAMILY,15700000
Team Films Bhojpuri,15700000
Zee Music Classic,15700000
Prime Video India,15700000
Caeli YT,15600000
Kuplinov ���,15600000
Linus Tech Tips,15600000
Juliana Baltar,15600000
5-Minute Crafts FAMILY,15600000
Blippi Espa��,15500000
Super Senya,15500000
Katakit Baby TV,15500000
Infobells Bangla,15500000
�������� �� ��������,15500000
Henrique e Juliano,15500000
Mr DegrEE,15500000
Kashvi Adlakha,15500000
Talking Tom & Friends,15500000
�������� �������������� ���� 5 ����������,15500000
Harsh Beniwal,15400000
FFUNTV,15400000
Mobile Legends: Bang Bang,15400000
Roman Atwood Vlogs,15400000
Mrwhosetheboss,15400000
Genierock,15400000
zayn,15400000
Kerajinan 5-Menit,15400000
FC Barcelona,15300000
Dave and Ava - Nursery Rhymes and Baby Songs,15300000
LOKESH GAMER,15300000
ILYA BORZOV,15300000
Mazhavil Manorama,15300000
Pok���������,15200000
The MriDul,15200000
Niana Guerrero,15200000
SRK MUSIC,15200000
Sony LIV,15200000
T-Series Hamaar Bhojpuri,15200000
Oyuncak Av�,15200000
CNN,15200000
NDTV India,15200000
It's Mamix,15100000
Kim Loaiza,15100000
Daftar Populer,15100000
Musas,15100000
Ranz Kyle,15100000
PowerfulJRE,15100000
Mariale,15100000
Makiman131,15100000
Hongyu ASMR ��,15100000
Mohamed Ramadan I �������,15100000
EdisonPts,15100000
BIGBANG,15100000
Rub������,15100000
ABS-CBN News,15100000
Chapitosiki,15100000
AdeleVEVO,15100000
MoreAliA,15000000
Chetan Monga Vlogs,15000000
Little Angel - M����������,15000000
League of Legends,15000000
TheRichest,15000000
XpressTV,15000000
PlayStation,15000000
Kwebbelkop,15000000
Republic Bharat,15000000
THE BROWN SIBLINGS,15000000
Sony Music South,15000000
BigSchool,15000000
Ray William Johnson,15000000
KOMPASTV,15000000
ISSEI / ����,15000000
Z�������,15000000
A2 Motivation by Arvind Arora,15000000
50 Cent,14900000
MNCTV OFFICIAL,14900000
ERB,14900000
melanie martinez,14900000
iTownGamePlay *Terror&Diversi��,14900000
������������8 : Thai Ch8,14900000
ZutiGang,14900000
������,14900000
TazerCraft,14900000
Bayashi TV,14900000
Fueled By Ramen,14800000
CrashCourse,14800000
MattyBRaps,14800000
Lachlan,14800000
�������� ��������,14800000
Meghan Trainor,14800000
Jorge & Mateus Oficial,14800000
Major Lazer Official,14800000
Beast Philanthropy,14800000
Filaretiki,14800000
5-Minute Crafts Recycle,14800000
���������� ������������,14700000
Maha Fun Tv,14700000
Canal Nostalgia,14700000
The Slow Mo Guys,14700000
StudyIQ IAS,14700000
Chad Wild Clay,14700000
CollegeHumor,14700000
Netflix Jr.,14700000
Colors Rishtey,14700000
ABC News,14700000
Camila Loures,14700000
Doc Tops,14600000
Auron,14600000
Jesser,14600000
Planeta das G��,14600000
PrestonPlayz,14600000
Martin Garrix,14600000
O Reino Infantil,14600000
Fifth Harmony,14600000
Mis Pastelitos,14600000
Noman Official,14600000
LEGENDA FUNK,14500000
Like Nastya Stories,14500000
les boys tv2,14500000
Lotus Music,14500000
IDEIAS INCR��,14500000
Reaction Time,14500000
BBC News,14500000
Eli Kids - Cartoons & Songs,14500000
Boram Tube ToysReview [���������,14500000
Aadishakti Films,14500000
Telemundo,14500000
GMM25Thailand,14500000
TV9 Bharatvarsh,14500000
Maroon5VEVO,14500000
Saad Lamjarred | ������,14500000
Hear This Music,14500000
Lilly Singh,14500000
���������������������,14400000
Gyan Gaming�,14400000
Drawblogs,14400000
NOBRU,14400000
������������ ������������ I ������ �� ����������,14400000
Cyprien,14400000
Rclbeauty101,14400000
Coke Studio,14400000
Indore Physical Academy,14400000
Rosanna Pansino,14400000
Harry Styles,14400000
Vlad and Niki PRT,14400000
RS 1313 SHORTS,14400000
Zig & Sharko,14400000
SelenaGomezVEVO,14400000
ZEE5,14400000
Super Polina,14300000
Rebecca Zamolo,14300000
Wish 107.5,14200000
Invento na Hora,14200000
SIS vs BRO,14200000
NikkieTutorials,14200000
TommyInnit,14200000
E-MasterSensei,14200000
infobells - Kannada,14200000
Crazy Frog,14200000
The Dodo,14200000
SEVENGERS,14200000
Zee Bangla,14200000
DangMattSmith,14200000
Neha Kakkar,14100000
#Refugio Mental,14100000
�������������������� ��������������������,14100000
Trap City,14100000
Supercar Blondie,14100000
Yudist Ardhana,14100000
Lana Del Rey,14100000
MalumaVEVO,14100000
F2Freestylers - Ultimate Soccer Skills Channel,14100000
Bie The Ska,14100000
AM3NlC,14000000
Narins Beauty,14000000
TV Ana Emilia,14000000
������������,14000000
Luli Pamp�,14000000
Gallina Pintadita,14000000
ViralHog,14000000
ETV Jabardasth,14000000
Zee Telugu,14000000
Crescendo com Luluca,14000000
Jazzghost,13900000
karameeshchannel,13900000
Darkar Company Studios,13900000
Dental Digest,13900000
T-Series Regional,13900000
ADEL et SAMI,13900000
Jamuna TV,13900000
Atlantic Records,13900000
�������� �� ������������,13900000
Veritasium,13900000
Alexa Rivera,13900000
Airrack,13800000
Hacksmith Industries,13800000
JD Pantoja,13800000
��������/Atro,13800000
123 GO! Spanish,13800000
Geo News,13800000
Kids TV India Hindi Nursery Rhymes,13800000
Think Music India,13800000
O Que N������,13700000
Goldmines Premiere,13700000
MAIKI021,13700000
The Vishal bhatt,13700000
NishaMadhulika,13700000
MyMissAnand,13700000
FAPTV,13700000
Wesley Safad�,13700000
infobells,13700000
Desi Gamers,13700000
Acenix,13600000
Zeinab Harake,13600000
DALLMYD,13600000
Lindsey Stirling,13600000
JOJO TV - Hindi Stories,13600000
BBC,13600000
Saturday Night Live,13600000
BUDI01 GAMING,13500000
Typical Gamer,13500000
Anaysa,13500000
JULIA GISELLA,13500000
Awakening Music,13500000
Lady Diana,13500000
Sanjoy Das Official,13500000
Woody & Kleiny,13500000
Vijay Kumar Viner Vlogs,13500000
Conor Maynard,13500000
Wengie,13500000
Vlad y Niki Show,13400000
Codiscos,13400000
The World Adventures ������,13400000
Vibhu 96,13400000
Blockbuster Movies,13400000
ATHLEAN-X�,13400000
My Mate Nate,13400000
H2ODelirious,13400000
GMA Integrated News,13400000
Peet Montzingo,13400000
The Q,13400000
Trakin Tech,13300000
theRadBrad,13300000
Matt Steffanina,13300000
Stray Kids,13300000
Kurt Hugo Schneider,13300000
Vogue,13300000
������������������,13300000
Kids Line�������,13300000
VexTrex,13300000
penguinz0,13300000
Just For Laughs Gags,13300000
Kabita's Kitchen,13300000
BanderitaX,13300000
AzzyLand,13300000
HUBA��,13200000
BIBO ������,13200000
Brawl Stars,13200000
Ei Nerd,13200000
Sonotek Bhakti,13200000
Vilmei,13200000
MC Divertida,13200000
The Infographics Show,13200000
jbalvinVEVO,13200000
������TwinsFromRussia,13200000
Technology Gyan,13200000
CookingShooking Hindi,13200000
Ryan Trahan,13100000
Alex Gonzaga Official,13100000
WiederDude,13100000
Ian Boggs,13100000
Lokdhun Punjabi,13100000
Knowledge Tv ������,13100000
Painzeiro,13100000
Peppa Pig em Portugu���������,13100000
��������������� Ms Yeah,13100000
Hungria Hip Hop,13100000
RaptorGamer,13100000
RedeTV,13100000
twenty one pilots,13100000
DJ Khaled,13100000
Davie504,13000000
Everson Zoio,13000000
Calon Sarjana,13000000
Lofi Girl,13000000
Jomy Production,13000000
GH'S,13000000
JesseAndMike,13000000
Wolfoo Channel,13000000
Susy Mouriz,13000000
7 Minutoz,13000000
The LaBrant Fam,13000000
Pastor Ant�����,12900000
Matheus Yurley,12900000
gymvirtual,12900000
BIBO�����,12900000
Top Viral Talent,12900000
Akon,12900000
AlArabiya �����,12900000
Rauw Alejandro,12900000
EnriqueIglesiasVEVO,12900000
�������� ���� ��������������,12900000
The Shiny Peanut,12900000
Talking Angela,12800000
Melon City Show - �����������,12800000
Duo Tiempo De Sol,12800000
Troom Troom India,12800000
MrSuicideSheep,12800000
Adam W,12800000
Right to Shiksha,12800000
Beyonc��,12800000
FACT FIRE KING,12700000
Ian Lucas,12700000
Franco Escamilla,12700000
Adexe & Nau,12700000
Diana and Roma IND,12700000
Jass Records,12700000
Future,12700000
YoungBoy Never Broke Again,12700000
Blossom,12700000
#Ref����,12700000
Piuzinho,12700000
Heidi y Zidane,12700000
Go Ami Go!,12700000
Morgz,12600000
CaseyNeistat,12600000
���������SULGI,12600000
NickiMinajAtVEVO,12600000
Ellie Goulding,12600000
colinfurze,12500000
People Vs Food,12500000
Wolfoo Family,12500000
Ja Mill,12500000
Health Time,12500000
Yair17,12500000
Little Baby Bum en Espa��,12500000
First We Feast,12500000
M����,12500000
Bebefinn - Nursery Rhymes & Kids Songs,12500000
Troom Troom PT,12500000
Parafernalha,12500000
NDTV,12500000
elcarteldesantatv,12500000
Family Fitness,12500000
Zee Tamil,12500000
Flowers Comedy,12500000
Mundo Bita,12500000
Wave Music Bhakti,12500000
Troom Troom Indonesia,12500000
CKM,12500000
Quantum Tech HD,12500000
_vector_,12400000
DEV Ke Facts,12400000
Hero Movies 2023,12400000
LOUD,12400000
Gibby :),12400000
Gustavo Par��,12400000
SAAIHALILINTAR,12400000
Timba Vk,12400000
Heidi and Zidane HZHtube,12400000
DaniRep | +6 V�����������,12400000
Zee Kids,12400000
Pari's Lifestyle,12400000
DisneyChannelUK,12400000
MoniLina,12400000
bharatzkitchen HINDI,12400000
TKOR,12400000
ANNA KOVA,12400000
Avril Lavigne,12400000
Caylus,12400000
Migos ATL,12400000
Natan por A�,12300000
Free Fire India Official,12300000
Panda,12300000
RobTopGames,12300000
Make Joke Of,12300000
